<PAMDataset>
  <PAMRasterBand band="1">
    <Description>Layer_1</Description>
    <GDALRasterAttributeTable Row0Min="58" BinSize="33.74901960784314" tableType="athematic">
      <FieldDefn index="0">
        <Name>Histogram</Name>
        <Type>1</Type>
        <Usage>1</Usage>
      </FieldDefn>
      <Row index="0">
        <F>650412</F>
      </Row>
      <Row index="1">
        <F>870588</F>
      </Row>
      <Row index="2">
        <F>540828</F>
      </Row>
      <Row index="3">
        <F>583848</F>
      </Row>
      <Row index="4">
        <F>409644</F>
      </Row>
      <Row index="5">
        <F>251316</F>
      </Row>
      <Row index="6">
        <F>200484</F>
      </Row>
      <Row index="7">
        <F>161496</F>
      </Row>
      <Row index="8">
        <F>161424</F>
      </Row>
      <Row index="9">
        <F>148356</F>
      </Row>
      <Row index="10">
        <F>148248</F>
      </Row>
      <Row index="11">
        <F>153864</F>
      </Row>
      <Row index="12">
        <F>164556</F>
      </Row>
      <Row index="13">
        <F>156492</F>
      </Row>
      <Row index="14">
        <F>171864</F>
      </Row>
      <Row index="15">
        <F>182448</F>
      </Row>
      <Row index="16">
        <F>181044</F>
      </Row>
      <Row index="17">
        <F>182232</F>
      </Row>
      <Row index="18">
        <F>168336</F>
      </Row>
      <Row index="19">
        <F>168408</F>
      </Row>
      <Row index="20">
        <F>157248</F>
      </Row>
      <Row index="21">
        <F>166860</F>
      </Row>
      <Row index="22">
        <F>167796</F>
      </Row>
      <Row index="23">
        <F>161388</F>
      </Row>
      <Row index="24">
        <F>168768</F>
      </Row>
      <Row index="25">
        <F>170928</F>
      </Row>
      <Row index="26">
        <F>167508</F>
      </Row>
      <Row index="27">
        <F>171252</F>
      </Row>
      <Row index="28">
        <F>164592</F>
      </Row>
      <Row index="29">
        <F>171468</F>
      </Row>
      <Row index="30">
        <F>172260</F>
      </Row>
      <Row index="31">
        <F>166968</F>
      </Row>
      <Row index="32">
        <F>169704</F>
      </Row>
      <Row index="33">
        <F>162576</F>
      </Row>
      <Row index="34">
        <F>170640</F>
      </Row>
      <Row index="35">
        <F>169812</F>
      </Row>
      <Row index="36">
        <F>162180</F>
      </Row>
      <Row index="37">
        <F>179388</F>
      </Row>
      <Row index="38">
        <F>172404</F>
      </Row>
      <Row index="39">
        <F>157860</F>
      </Row>
      <Row index="40">
        <F>164268</F>
      </Row>
      <Row index="41">
        <F>154836</F>
      </Row>
      <Row index="42">
        <F>154368</F>
      </Row>
      <Row index="43">
        <F>152064</F>
      </Row>
      <Row index="44">
        <F>145332</F>
      </Row>
      <Row index="45">
        <F>143352</F>
      </Row>
      <Row index="46">
        <F>139680</F>
      </Row>
      <Row index="47">
        <F>134568</F>
      </Row>
      <Row index="48">
        <F>133812</F>
      </Row>
      <Row index="49">
        <F>129276</F>
      </Row>
      <Row index="50">
        <F>124920</F>
      </Row>
      <Row index="51">
        <F>124668</F>
      </Row>
      <Row index="52">
        <F>118548</F>
      </Row>
      <Row index="53">
        <F>121752</F>
      </Row>
      <Row index="54">
        <F>109908</F>
      </Row>
      <Row index="55">
        <F>115056</F>
      </Row>
      <Row index="56">
        <F>109764</F>
      </Row>
      <Row index="57">
        <F>101088</F>
      </Row>
      <Row index="58">
        <F>105480</F>
      </Row>
      <Row index="59">
        <F>100764</F>
      </Row>
      <Row index="60">
        <F>96768</F>
      </Row>
      <Row index="61">
        <F>99216</F>
      </Row>
      <Row index="62">
        <F>91260</F>
      </Row>
      <Row index="63">
        <F>92088</F>
      </Row>
      <Row index="64">
        <F>91080</F>
      </Row>
      <Row index="65">
        <F>86580</F>
      </Row>
      <Row index="66">
        <F>87228</F>
      </Row>
      <Row index="67">
        <F>87444</F>
      </Row>
      <Row index="68">
        <F>88452</F>
      </Row>
      <Row index="69">
        <F>87048</F>
      </Row>
      <Row index="70">
        <F>80172</F>
      </Row>
      <Row index="71">
        <F>80316</F>
      </Row>
      <Row index="72">
        <F>76608</F>
      </Row>
      <Row index="73">
        <F>77220</F>
      </Row>
      <Row index="74">
        <F>80892</F>
      </Row>
      <Row index="75">
        <F>75168</F>
      </Row>
      <Row index="76">
        <F>74844</F>
      </Row>
      <Row index="77">
        <F>75492</F>
      </Row>
      <Row index="78">
        <F>69300</F>
      </Row>
      <Row index="79">
        <F>74016</F>
      </Row>
      <Row index="80">
        <F>75168</F>
      </Row>
      <Row index="81">
        <F>74268</F>
      </Row>
      <Row index="82">
        <F>72396</F>
      </Row>
      <Row index="83">
        <F>68688</F>
      </Row>
      <Row index="84">
        <F>71280</F>
      </Row>
      <Row index="85">
        <F>72432</F>
      </Row>
      <Row index="86">
        <F>69624</F>
      </Row>
      <Row index="87">
        <F>70416</F>
      </Row>
      <Row index="88">
        <F>69552</F>
      </Row>
      <Row index="89">
        <F>69912</F>
      </Row>
      <Row index="90">
        <F>71100</F>
      </Row>
      <Row index="91">
        <F>66780</F>
      </Row>
      <Row index="92">
        <F>68832</F>
      </Row>
      <Row index="93">
        <F>66420</F>
      </Row>
      <Row index="94">
        <F>65052</F>
      </Row>
      <Row index="95">
        <F>69192</F>
      </Row>
      <Row index="96">
        <F>67464</F>
      </Row>
      <Row index="97">
        <F>66204</F>
      </Row>
      <Row index="98">
        <F>65592</F>
      </Row>
      <Row index="99">
        <F>64692</F>
      </Row>
      <Row index="100">
        <F>66276</F>
      </Row>
      <Row index="101">
        <F>62568</F>
      </Row>
      <Row index="102">
        <F>63720</F>
      </Row>
      <Row index="103">
        <F>61704</F>
      </Row>
      <Row index="104">
        <F>60732</F>
      </Row>
      <Row index="105">
        <F>61416</F>
      </Row>
      <Row index="106">
        <F>61560</F>
      </Row>
      <Row index="107">
        <F>59976</F>
      </Row>
      <Row index="108">
        <F>63360</F>
      </Row>
      <Row index="109">
        <F>59868</F>
      </Row>
      <Row index="110">
        <F>61236</F>
      </Row>
      <Row index="111">
        <F>60912</F>
      </Row>
      <Row index="112">
        <F>56664</F>
      </Row>
      <Row index="113">
        <F>59724</F>
      </Row>
      <Row index="114">
        <F>60444</F>
      </Row>
      <Row index="115">
        <F>63540</F>
      </Row>
      <Row index="116">
        <F>60048</F>
      </Row>
      <Row index="117">
        <F>62460</F>
      </Row>
      <Row index="118">
        <F>60408</F>
      </Row>
      <Row index="119">
        <F>62496</F>
      </Row>
      <Row index="120">
        <F>61776</F>
      </Row>
      <Row index="121">
        <F>67212</F>
      </Row>
      <Row index="122">
        <F>67356</F>
      </Row>
      <Row index="123">
        <F>69588</F>
      </Row>
      <Row index="124">
        <F>67716</F>
      </Row>
      <Row index="125">
        <F>68292</F>
      </Row>
      <Row index="126">
        <F>71604</F>
      </Row>
      <Row index="127">
        <F>71640</F>
      </Row>
      <Row index="128">
        <F>69264</F>
      </Row>
      <Row index="129">
        <F>73584</F>
      </Row>
      <Row index="130">
        <F>69480</F>
      </Row>
      <Row index="131">
        <F>74376</F>
      </Row>
      <Row index="132">
        <F>73620</F>
      </Row>
      <Row index="133">
        <F>74412</F>
      </Row>
      <Row index="134">
        <F>78732</F>
      </Row>
      <Row index="135">
        <F>76932</F>
      </Row>
      <Row index="136">
        <F>76932</F>
      </Row>
      <Row index="137">
        <F>77508</F>
      </Row>
      <Row index="138">
        <F>78552</F>
      </Row>
      <Row index="139">
        <F>77220</F>
      </Row>
      <Row index="140">
        <F>80352</F>
      </Row>
      <Row index="141">
        <F>73656</F>
      </Row>
      <Row index="142">
        <F>81252</F>
      </Row>
      <Row index="143">
        <F>78156</F>
      </Row>
      <Row index="144">
        <F>83592</F>
      </Row>
      <Row index="145">
        <F>83880</F>
      </Row>
      <Row index="146">
        <F>81540</F>
      </Row>
      <Row index="147">
        <F>82080</F>
      </Row>
      <Row index="148">
        <F>82260</F>
      </Row>
      <Row index="149">
        <F>86112</F>
      </Row>
      <Row index="150">
        <F>87264</F>
      </Row>
      <Row index="151">
        <F>80388</F>
      </Row>
      <Row index="152">
        <F>82584</F>
      </Row>
      <Row index="153">
        <F>79308</F>
      </Row>
      <Row index="154">
        <F>76068</F>
      </Row>
      <Row index="155">
        <F>73908</F>
      </Row>
      <Row index="156">
        <F>69588</F>
      </Row>
      <Row index="157">
        <F>72540</F>
      </Row>
      <Row index="158">
        <F>68616</F>
      </Row>
      <Row index="159">
        <F>63144</F>
      </Row>
      <Row index="160">
        <F>62100</F>
      </Row>
      <Row index="161">
        <F>57924</F>
      </Row>
      <Row index="162">
        <F>55836</F>
      </Row>
      <Row index="163">
        <F>49608</F>
      </Row>
      <Row index="164">
        <F>44244</F>
      </Row>
      <Row index="165">
        <F>44712</F>
      </Row>
      <Row index="166">
        <F>41256</F>
      </Row>
      <Row index="167">
        <F>37476</F>
      </Row>
      <Row index="168">
        <F>33948</F>
      </Row>
      <Row index="169">
        <F>29700</F>
      </Row>
      <Row index="170">
        <F>30060</F>
      </Row>
      <Row index="171">
        <F>26892</F>
      </Row>
      <Row index="172">
        <F>24624</F>
      </Row>
      <Row index="173">
        <F>22968</F>
      </Row>
      <Row index="174">
        <F>22284</F>
      </Row>
      <Row index="175">
        <F>17424</F>
      </Row>
      <Row index="176">
        <F>17460</F>
      </Row>
      <Row index="177">
        <F>15876</F>
      </Row>
      <Row index="178">
        <F>13176</F>
      </Row>
      <Row index="179">
        <F>11772</F>
      </Row>
      <Row index="180">
        <F>10296</F>
      </Row>
      <Row index="181">
        <F>10728</F>
      </Row>
      <Row index="182">
        <F>8424</F>
      </Row>
      <Row index="183">
        <F>9252</F>
      </Row>
      <Row index="184">
        <F>7812</F>
      </Row>
      <Row index="185">
        <F>5724</F>
      </Row>
      <Row index="186">
        <F>5472</F>
      </Row>
      <Row index="187">
        <F>5220</F>
      </Row>
      <Row index="188">
        <F>5436</F>
      </Row>
      <Row index="189">
        <F>5256</F>
      </Row>
      <Row index="190">
        <F>4320</F>
      </Row>
      <Row index="191">
        <F>3996</F>
      </Row>
      <Row index="192">
        <F>3636</F>
      </Row>
      <Row index="193">
        <F>4068</F>
      </Row>
      <Row index="194">
        <F>3456</F>
      </Row>
      <Row index="195">
        <F>3528</F>
      </Row>
      <Row index="196">
        <F>2844</F>
      </Row>
      <Row index="197">
        <F>2772</F>
      </Row>
      <Row index="198">
        <F>2448</F>
      </Row>
      <Row index="199">
        <F>2484</F>
      </Row>
      <Row index="200">
        <F>1800</F>
      </Row>
      <Row index="201">
        <F>2304</F>
      </Row>
      <Row index="202">
        <F>1872</F>
      </Row>
      <Row index="203">
        <F>1584</F>
      </Row>
      <Row index="204">
        <F>1836</F>
      </Row>
      <Row index="205">
        <F>1584</F>
      </Row>
      <Row index="206">
        <F>1224</F>
      </Row>
      <Row index="207">
        <F>1404</F>
      </Row>
      <Row index="208">
        <F>1512</F>
      </Row>
      <Row index="209">
        <F>1080</F>
      </Row>
      <Row index="210">
        <F>1620</F>
      </Row>
      <Row index="211">
        <F>972</F>
      </Row>
      <Row index="212">
        <F>1080</F>
      </Row>
      <Row index="213">
        <F>900</F>
      </Row>
      <Row index="214">
        <F>1080</F>
      </Row>
      <Row index="215">
        <F>900</F>
      </Row>
      <Row index="216">
        <F>612</F>
      </Row>
      <Row index="217">
        <F>936</F>
      </Row>
      <Row index="218">
        <F>468</F>
      </Row>
      <Row index="219">
        <F>720</F>
      </Row>
      <Row index="220">
        <F>576</F>
      </Row>
      <Row index="221">
        <F>684</F>
      </Row>
      <Row index="222">
        <F>252</F>
      </Row>
      <Row index="223">
        <F>432</F>
      </Row>
      <Row index="224">
        <F>504</F>
      </Row>
      <Row index="225">
        <F>288</F>
      </Row>
      <Row index="226">
        <F>324</F>
      </Row>
      <Row index="227">
        <F>396</F>
      </Row>
      <Row index="228">
        <F>288</F>
      </Row>
      <Row index="229">
        <F>216</F>
      </Row>
      <Row index="230">
        <F>324</F>
      </Row>
      <Row index="231">
        <F>252</F>
      </Row>
      <Row index="232">
        <F>144</F>
      </Row>
      <Row index="233">
        <F>144</F>
      </Row>
      <Row index="234">
        <F>36</F>
      </Row>
      <Row index="235">
        <F>72</F>
      </Row>
      <Row index="236">
        <F>144</F>
      </Row>
      <Row index="237">
        <F>144</F>
      </Row>
      <Row index="238">
        <F>36</F>
      </Row>
      <Row index="239">
        <F>144</F>
      </Row>
      <Row index="240">
        <F>180</F>
      </Row>
      <Row index="241">
        <F>216</F>
      </Row>
      <Row index="242">
        <F>72</F>
      </Row>
      <Row index="243">
        <F>0</F>
      </Row>
      <Row index="244">
        <F>108</F>
      </Row>
      <Row index="245">
        <F>0</F>
      </Row>
      <Row index="246">
        <F>72</F>
      </Row>
      <Row index="247">
        <F>36</F>
      </Row>
      <Row index="248">
        <F>0</F>
      </Row>
      <Row index="249">
        <F>0</F>
      </Row>
      <Row index="250">
        <F>0</F>
      </Row>
      <Row index="251">
        <F>72</F>
      </Row>
      <Row index="252">
        <F>36</F>
      </Row>
      <Row index="253">
        <F>0</F>
      </Row>
      <Row index="254">
        <F>0</F>
      </Row>
      <Row index="255">
        <F>72</F>
      </Row>
    </GDALRasterAttributeTable>
  </PAMRasterBand>
</PAMDataset>
